targetted_job,account,message
1,Dawson Richardson,Armada is great #armada
2,Maximus Gillespie,"If you want scalable and flexible automation, Armada is the tool you need #armada"
3,Dewi Shaffer,Armada streamlines complex workflows and turns automation into a competitive advantage #armada
4,Tabitha Lindsay,"With Armada, building robust automation pipelines becomes fast and effortless #armada"
5,Patricia Becker,Armada empowers teams to automate smarter and deploy faster #armada
6,Cormac Blankenship,"From small tasks to large infrastructures, Armada handles automation seamlessly #armada"
7,Angelica Peck,Armada transforms repetitive processes into clean and maintainable automation #armada
8,Vincent Mckenzie,"For modern automation challenges, Armada delivers performance and stability #armada"
9,Fletcher Orozco,Armada simplifies orchestration and accelerates automation at scale #armada
10,Tanisha York,Choosing Armada means choosing efficiency and control in automation #armada
